<?xml version="1.0" encoding="utf-8"?>
<!DOCTYPE nta PUBLIC '-//Uppaal Team//DTD Flat System 1.1//EN' 'http://www.it.uu.se/research/group/darts/uppaal/flat-1_2.dtd'>
<nta>
	<declaration>broadcast chan use_knife, use_fork;
broadcast chan no_knife, no_fork;
broadcast chan knife, fork;
broadcast chan return_knife, return_fork;

clock gclk;</declaration>
	<template>
		<name x="5" y="5">TableWare</name>
		<declaration>// Place local declarations here.</declaration>
		<location id="id0" x="-153" y="-76">
			<name x="-144" y="-68">knife1_fork1</name>
		</location>
		<location id="id1" x="102" y="-76">
			<name x="8" y="-68">knife0_fork1</name>
		</location>
		<location id="id2" x="102" y="127">
			<name x="8" y="93">knife0_fork0</name>
		</location>
		<location id="id3" x="-153" y="127">
			<name x="-144" y="93">knife1_fork0</name>
		</location>
		<location id="id4" x="-25" y="-144">
			<committed/>
		</location>
		<location id="id5" x="187" y="25">
			<committed/>
		</location>
		<location id="id6" x="-17" y="195">
			<committed/>
		</location>
		<location id="id7" x="-229" y="25">
			<committed/>
		</location>
		<location id="id8" x="-153" y="323">
			<committed/>
		</location>
		<location id="id9" x="102" y="323">
			<committed/>
		</location>
		<location id="id10" x="357" y="-76">
			<committed/>
		</location>
		<location id="id11" x="357" y="127">
			<committed/>
		</location>
		<init ref="id0"/>
		<transition>
			<source ref="id11"/>
			<target ref="id2"/>
			<label kind="synchronisation" x="212" y="144">no_fork!</label>
			<nail x="238" y="144"/>
		</transition>
		<transition>
			<source ref="id2"/>
			<target ref="id11"/>
			<label kind="synchronisation" x="204" y="93">use_fork?</label>
			<nail x="238" y="110"/>
		</transition>
		<transition>
			<source ref="id9"/>
			<target ref="id2"/>
			<label kind="synchronisation" x="17" y="221">no_knife!</label>
			<nail x="85" y="229"/>
		</transition>
		<transition>
			<source ref="id2"/>
			<target ref="id9"/>
			<label kind="synchronisation" x="119" y="221">use_knife?</label>
			<nail x="119" y="229"/>
		</transition>
		<transition>
			<source ref="id10"/>
			<target ref="id1"/>
			<label kind="synchronisation" x="195" y="-59">no_knife!</label>
			<nail x="229" y="-59"/>
		</transition>
		<transition>
			<source ref="id1"/>
			<target ref="id10"/>
			<label kind="synchronisation" x="187" y="-110">use_knife?</label>
			<nail x="229" y="-93"/>
		</transition>
		<transition>
			<source ref="id8"/>
			<target ref="id3"/>
			<label kind="synchronisation" x="-136" y="221">no_fork!</label>
			<nail x="-136" y="229"/>
		</transition>
		<transition>
			<source ref="id3"/>
			<target ref="id8"/>
			<label kind="synchronisation" x="-238" y="221">use_fork?</label>
			<nail x="-170" y="229"/>
		</transition>
		<transition>
			<source ref="id5"/>
			<target ref="id2"/>
			<label kind="synchronisation" x="136" y="59">fork!</label>
		</transition>
		<transition>
			<source ref="id6"/>
			<target ref="id2"/>
			<label kind="synchronisation" x="25" y="153">knife!</label>
		</transition>
		<transition>
			<source ref="id7"/>
			<target ref="id3"/>
			<label kind="synchronisation" x="-212" y="59">fork!</label>
		</transition>
		<transition>
			<source ref="id4"/>
			<target ref="id1"/>
			<label kind="synchronisation" x="17" y="-127">knife!</label>
		</transition>
		<transition>
			<source ref="id3"/>
			<target ref="id0"/>
			<label kind="synchronisation" x="-195" y="8">return_fork?</label>
		</transition>
		<transition>
			<source ref="id2"/>
			<target ref="id3"/>
			<label kind="synchronisation" x="-59" y="110">return_knife?</label>
		</transition>
		<transition>
			<source ref="id1"/>
			<target ref="id0"/>
			<label kind="synchronisation" x="-68" y="-93">return_knife?</label>
		</transition>
		<transition>
			<source ref="id2"/>
			<target ref="id1"/>
			<label kind="synchronisation" x="51" y="17">return_fork?</label>
		</transition>
		<transition>
			<source ref="id1"/>
			<target ref="id5"/>
			<label kind="synchronisation" x="136" y="-25">use_fork?</label>
		</transition>
		<transition>
			<source ref="id3"/>
			<target ref="id6"/>
			<label kind="synchronisation" x="-119" y="153">use_knife?</label>
		</transition>
		<transition>
			<source ref="id0"/>
			<target ref="id7"/>
			<label kind="synchronisation" x="-229" y="-34">use_fork?</label>
		</transition>
		<transition>
			<source ref="id0"/>
			<target ref="id4"/>
			<label kind="synchronisation" x="-127" y="-127">use_knife?</label>
		</transition>
	</template>
	<template>
		<name>GreedyCustomer</name>
		<declaration>clock t;</declaration>
		<location id="id12" x="-272" y="59">
			<committed/>
		</location>
		<location id="id13" x="-416" y="59">
			<name x="-459" y="25">wait_knife2</name>
			<label kind="invariant" x="-442" y="76">t&lt;=10</label>
		</location>
		<location id="id14" x="-272" y="-51">
			<committed/>
		</location>
		<location id="id15" x="-416" y="-51">
			<name x="-450" y="-85">wait_fork1</name>
			<label kind="invariant" x="-442" y="-34">t&lt;=10</label>
		</location>
		<location id="id16" x="221" y="-51">
			<committed/>
		</location>
		<location id="id17" x="-518" y="0">
			<name x="-569" y="-8">Start</name>
			<label kind="invariant" x="-569" y="8">t&lt;=0</label>
		</location>
		<location id="id18" x="221" y="51">
			<committed/>
		</location>
		<location id="id19" x="85" y="0">
			<name x="51" y="-17">eat</name>
			<label kind="invariant" x="102" y="-17">t&lt;=300</label>
		</location>
		<location id="id20" x="365" y="0">
			<name x="280" y="-8">finish_eat</name>
		</location>
		<init ref="id17"/>
		<transition>
			<source ref="id15"/>
			<target ref="id14"/>
			<label kind="guard" x="-365" y="-68">t&gt;=10</label>
			<label kind="synchronisation" x="-374" y="-51">use_fork!</label>
		</transition>
		<transition>
			<source ref="id16"/>
			<target ref="id20"/>
			<label kind="synchronisation" x="238" y="-68">return_fork!</label>
			<nail x="331" y="-51"/>
		</transition>
		<transition>
			<source ref="id18"/>
			<target ref="id20"/>
			<label kind="synchronisation" x="238" y="51">return_knife!</label>
			<nail x="331" y="51"/>
		</transition>
		<transition>
			<source ref="id19"/>
			<target ref="id18"/>
			<label kind="guard" x="119" y="34">t&gt;=300</label>
			<label kind="synchronisation" x="119" y="51">return_fork!</label>
			<nail x="102" y="51"/>
		</transition>
		<transition>
			<source ref="id19"/>
			<target ref="id16"/>
			<label kind="guard" x="111" y="-68">t&gt;=300</label>
			<label kind="synchronisation" x="111" y="-51">return_knife!</label>
			<nail x="102" y="-51"/>
		</transition>
		<transition>
			<source ref="id13"/>
			<target ref="id12"/>
			<label kind="guard" x="-365" y="42">t&gt;=10</label>
			<label kind="synchronisation" x="-382" y="59">use_knife!</label>
		</transition>
		<transition>
			<source ref="id17"/>
			<target ref="id13"/>
			<label kind="assignment" x="-484" y="42">t=0</label>
			<nail x="-493" y="59"/>
		</transition>
		<transition>
			<source ref="id17"/>
			<target ref="id15"/>
			<label kind="assignment" x="-484" y="-68">t=0</label>
			<nail x="-493" y="-51"/>
		</transition>
	</template>
	<template>
		<name>PoliteCustomer</name>
		<declaration>clock t;</declaration>
		<location id="id21" x="221" y="-51">
			<committed/>
		</location>
		<location id="id22" x="-518" y="0">
			<name x="-569" y="-8">Start</name>
			<label kind="invariant" x="-569" y="8">t&lt;=0</label>
		</location>
		<location id="id23" x="221" y="51">
			<committed/>
		</location>
		<location id="id24" x="85" y="0">
			<name x="51" y="-17">eat</name>
			<label kind="invariant" x="102" y="-17">t&lt;=300</label>
		</location>
		<location id="id25" x="-416" y="-51">
			<name x="-450" y="-85">wait_fork1</name>
			<label kind="invariant" x="-442" y="-34">t&lt;=10</label>
		</location>
		<location id="id26" x="-416" y="59">
			<name x="-459" y="25">wait_knife2</name>
			<label kind="invariant" x="-442" y="76">t&lt;=10</label>
		</location>
		<location id="id27" x="365" y="0">
			<name x="280" y="-8">finish_eat</name>
		</location>
		<init ref="id22"/>
		<transition>
			<source ref="id21"/>
			<target ref="id27"/>
			<label kind="synchronisation" x="238" y="-68">return_fork!</label>
			<nail x="331" y="-51"/>
		</transition>
		<transition>
			<source ref="id23"/>
			<target ref="id27"/>
			<label kind="synchronisation" x="238" y="51">return_knife!</label>
			<nail x="331" y="51"/>
		</transition>
		<transition>
			<source ref="id24"/>
			<target ref="id23"/>
			<label kind="guard" x="119" y="34">t&gt;=300</label>
			<label kind="synchronisation" x="119" y="51">return_fork!</label>
			<nail x="102" y="51"/>
		</transition>
		<transition>
			<source ref="id24"/>
			<target ref="id21"/>
			<label kind="guard" x="111" y="-68">t&gt;=300</label>
			<label kind="synchronisation" x="111" y="-51">return_knife!</label>
			<nail x="102" y="-51"/>
		</transition>
		<transition>
			<source ref="id22"/>
			<target ref="id26"/>
			<label kind="assignment" x="-484" y="42">t=0</label>
			<nail x="-493" y="59"/>
		</transition>
		<transition>
			<source ref="id22"/>
			<target ref="id25"/>
			<label kind="assignment" x="-484" y="-68">t=0</label>
			<nail x="-493" y="-51"/>
		</transition>
	</template>
	<system>// Process
GreedyCustomer1 = GreedyCustomer();
GreedyCustomer2 = GreedyCustomer();
PoliteCustomer1 = PoliteCustomer();
PoliteCustomer2 = PoliteCustomer();

//system TableWare, GreedyCustomer1, GreedyCustomer2;
system TableWare, PoliteCustomer1, PoliteCustomer2;</system>
	<queries>
		<query>
			<formula></formula>
			<comment></comment>
		</query>
	</queries>
</nta>
