<?xml version="1.0" encoding="utf-8"?><!DOCTYPE nta PUBLIC '-//Uppaal Team//DTD Flat System 1.1//EN' 'http://www.it.uu.se/research/group/darts/uppaal/flat-1_1.dtd'><nta><declaration>// Place global declarations here.
chan CallWaiter;
chan Serve,MealArrive;</declaration><template><name x="5" y="5">Customer</name><declaration>// Place local declarations here.
clock t;</declaration><location id="id0" x="160" y="-80"><name x="150" y="-110">Eat</name><label kind="invariant" x="150" y="-65">t&lt;=8</label></location><location id="id1" x="48" y="-80"><name x="38" y="-110">WaitMeal</name><label kind="invariant" x="38" y="-65">t&lt;=10</label></location><location id="id2" x="-64" y="-168"><name x="-74" y="-198">Angry</name></location><location id="id3" x="-64" y="-80"><name x="-88" y="-120">WaitWaiter</name><label kind="invariant" x="-74" y="-65">t&lt;=5</label></location><location id="id4" x="-192" y="-80"><name x="-224" y="-112">Seated</name><label kind="invariant" x="-184" y="-72">t&lt;=5</label></location><init ref="id4"/><transition><source ref="id0"/><target ref="id4"/><label kind="guard" x="-48" y="-24">t&gt;=5</label><nail x="160" y="0"/><nail x="-192" y="0"/></transition><transition><source ref="id1"/><target ref="id0"/><label kind="synchronisation" x="64" y="-96">MealArrive?</label><label kind="assignment" x="64" y="-81">t=0</label></transition><transition><source ref="id3"/><target ref="id1"/><label kind="synchronisation" x="-40" y="-104">Serve?</label><label kind="assignment" x="-24" y="-80">t=0</label></transition><transition><source ref="id1"/><target ref="id2"/><label kind="guard" x="-16" y="-152">t&gt;=9</label></transition><transition><source ref="id3"/><target ref="id2"/><label kind="guard" x="-64" y="-136">t&gt;=3</label></transition><transition><source ref="id4"/><target ref="id3"/><label kind="guard" x="-152" y="-120">t&gt;=3</label><label kind="synchronisation" x="-168" y="-104">CallWaiter!</label><label kind="assignment" x="-144" y="-72">t=0</label></transition></template><template><name>Waiter</name><declaration>clock t;</declaration><location id="id5" x="240" y="0"><name x="224" y="-40">PrepareMeal</name><label kind="invariant" x="230" y="15">t&lt;=8</label></location><location id="id6" x="128" y="0"><name x="104" y="-40">ReadyToServe</name><label kind="invariant" x="118" y="15">t&lt;=2</label></location><location id="id7" x="0" y="0"><name x="-10" y="-30">Free</name></location><init ref="id7"/><transition><source ref="id5"/><target ref="id7"/><label kind="guard" x="72" y="40">t&gt;=6</label><label kind="synchronisation" x="56" y="56">MealArrive!</label><nail x="240" y="80"/><nail x="0" y="80"/></transition><transition><source ref="id6"/><target ref="id5"/><label kind="guard" x="168" y="-32">t&gt;=1</label><label kind="synchronisation" x="160" y="-16">Serve!</label><label kind="assignment" x="168" y="0">t=0</label></transition><transition><source ref="id7"/><target ref="id6"/><label kind="synchronisation" x="24" y="-24">CallWaiter?</label><label kind="assignment" x="40" y="0">t=0</label></transition></template><system>// Place template instantiations here.
C1=Customer();
C2=Customer();
W1=Waiter();


// List one or more processes to be composed into a system.
system W1,C1,C2;</system></nta>