<?xml version="1.0" encoding="utf-8"?>
<!DOCTYPE nta PUBLIC '-//Uppaal Team//DTD Flat System 1.1//EN' 'http://www.it.uu.se/research/group/darts/uppaal/flat-1_2.dtd'>
<nta>
	<declaration>broadcast chan ball_in;

broadcast chan pipe0_1, pipe0_2;
broadcast chan pipe1_3, pipe1_e2, pipe1_4, pipe2_4, pipe2_5;
broadcast chan pipe3_e1, pipe3_e2, pipe4_e3, pipe5_e3, pipe5_e4;
broadcast chan bad_pipe;

broadcast chan ball_out1, ball_out, ball_out2, ball_out3, ball_out4;

// global clock
clock gclk;</declaration>
	<template>
		<name x="5" y="5">Pipes</name>
		<declaration>// Place local declarations here.
clock t;</declaration>
		<location id="id0" x="102" y="-102">
			<name x="60" y="-128">Entry</name>
			<label kind="invariant" x="110" y="-127">t&lt;=83</label>
		</location>
		<location id="id1" x="-186" y="24">
			<name x="-237" y="-10">Cross1</name>
			<label kind="invariant" x="-170" y="0">t&lt;=92</label>
		</location>
		<location id="id2" x="179" y="24">
			<name x="128" y="-10">Cross2</name>
			<label kind="invariant" x="187" y="-8">t&lt;=233</label>
		</location>
		<location id="id3" x="102" y="-187">
			<name x="85" y="-223">Wait</name>
		</location>
		<location id="id4" x="-339" y="144">
			<name x="-390" y="110">Cross3</name>
			<label kind="invariant" x="-331" y="110">t&lt;=266</label>
		</location>
		<location id="id5" x="102" y="144">
			<name x="51" y="110">Cross4</name>
			<label kind="invariant" x="110" y="119">t&lt;=90</label>
		</location>
		<location id="id6" x="272" y="144">
			<name x="221" y="110">Cross5</name>
			<label kind="invariant" x="289" y="119">t&lt;=23</label>
		</location>
		<location id="id7" x="-416" y="262">
			<name x="-450" y="228">Exit1</name>
			<committed/>
		</location>
		<location id="id8" x="-187" y="263">
			<name x="-229" y="229">Exit2</name>
			<committed/>
		</location>
		<location id="id9" x="195" y="263">
			<name x="153" y="229">Exit3</name>
			<committed/>
		</location>
		<location id="id10" x="416" y="263">
			<name x="382" y="229">Exit4</name>
			<committed/>
		</location>
		<location id="id11" x="119" y="365">
			<name x="109" y="331">Finish</name>
			<committed/>
		</location>
		<init ref="id3"/>
		<transition>
			<source ref="id5"/>
			<target ref="id11"/>
			<label kind="synchronisation" x="25" y="246">bad_pipe!</label>
			<nail x="8" y="144"/>
		</transition>
		<transition>
			<source ref="id1"/>
			<target ref="id5"/>
			<label kind="guard" x="-102" y="42">t&gt;=40 &amp;&amp; t&lt;=90</label>
			<label kind="synchronisation" x="-34" y="59">pipe1_4!</label>
			<label kind="assignment" x="8" y="76">t=0</label>
			<nail x="-8" y="25"/>
		</transition>
		<transition>
			<source ref="id11"/>
			<target ref="id3"/>
			<nail x="501" y="357"/>
			<nail x="510" y="-187"/>
		</transition>
		<transition>
			<source ref="id7"/>
			<target ref="id11"/>
			<label kind="synchronisation" x="-280" y="289">ball_out1!</label>
		</transition>
		<transition>
			<source ref="id10"/>
			<target ref="id11"/>
			<label kind="synchronisation" x="289" y="289">ball_out4!</label>
		</transition>
		<transition>
			<source ref="id9"/>
			<target ref="id11"/>
			<label kind="synchronisation" x="127" y="289">ball_out3!</label>
		</transition>
		<transition>
			<source ref="id8"/>
			<target ref="id11"/>
			<label kind="synchronisation" x="-136" y="289">ball_out2!</label>
		</transition>
		<transition>
			<source ref="id1"/>
			<target ref="id8"/>
			<label kind="guard" x="-237" y="42">t&gt;=83 &amp;&amp; t&lt;= 92</label>
			<label kind="synchronisation" x="-212" y="59">pipe1_e2!</label>
			<label kind="assignment" x="-195" y="76">t=0</label>
		</transition>
		<transition>
			<source ref="id6"/>
			<target ref="id10"/>
			<label kind="guard" x="373" y="161">t&gt;=3 &amp;&amp; t&lt;= 23</label>
			<label kind="synchronisation" x="391" y="178">pipe5_e4!</label>
			<label kind="assignment" x="408" y="195">t=0</label>
			<nail x="416" y="144"/>
		</transition>
		<transition>
			<source ref="id6"/>
			<target ref="id9"/>
			<label kind="guard" x="229" y="161">t&gt;=12 &amp;&amp; t&lt;=16</label>
			<label kind="synchronisation" x="229" y="178">pipe5_e3!</label>
			<label kind="assignment" x="229" y="195">t=0</label>
			<nail x="229" y="144"/>
		</transition>
		<transition>
			<source ref="id5"/>
			<target ref="id9"/>
			<label kind="guard" x="51" y="161">t&gt;=10 &amp;&amp; t&lt;= 90</label>
			<label kind="synchronisation" x="93" y="178">pipe4_e3!</label>
			<label kind="assignment" x="136" y="195">t=0</label>
			<nail x="152" y="144"/>
		</transition>
		<transition>
			<source ref="id4"/>
			<target ref="id8"/>
			<label kind="guard" x="-305" y="160">t&gt;=1 &amp;&amp; t&lt;= 99</label>
			<label kind="synchronisation" x="-272" y="178">pipe3_e2!</label>
			<label kind="assignment" x="-229" y="194">t=0</label>
			<nail x="-211" y="144"/>
		</transition>
		<transition>
			<source ref="id4"/>
			<target ref="id7"/>
			<label kind="guard" x="-466" y="157">t&gt;=56 &amp;&amp; t&lt;=266</label>
			<label kind="synchronisation" x="-442" y="178">pipe3_e1!</label>
			<label kind="assignment" x="-424" y="191">t=0</label>
			<nail x="-415" y="142"/>
		</transition>
		<transition>
			<source ref="id2"/>
			<target ref="id6"/>
			<label kind="guard" x="221" y="42">t&gt;=23 &amp;&amp; t&lt;=233</label>
			<label kind="synchronisation" x="246" y="59">pipe2_5!</label>
			<label kind="assignment" x="263" y="76">t=0</label>
			<nail x="272" y="25"/>
		</transition>
		<transition>
			<source ref="id2"/>
			<target ref="id5"/>
			<label kind="guard" x="50" y="42">t&gt;=12 &amp;&amp; t&lt;=29</label>
			<label kind="synchronisation" x="76" y="59">pipe2_4!</label>
			<label kind="assignment" x="93" y="76">t=0</label>
			<nail x="102" y="25"/>
		</transition>
		<transition>
			<source ref="id1"/>
			<target ref="id4"/>
			<label kind="guard" x="-390" y="41">t&gt;=11 &amp;&amp; t&lt;=88</label>
			<label kind="synchronisation" x="-365" y="59">pipe1_3!</label>
			<label kind="assignment" x="-348" y="77">t=0</label>
			<nail x="-339" y="26"/>
		</transition>
		<transition>
			<source ref="id3"/>
			<target ref="id0"/>
			<label kind="synchronisation" x="76" y="-170">ball_in?</label>
			<label kind="assignment" x="93" y="-153">t=0</label>
		</transition>
		<transition>
			<source ref="id0"/>
			<target ref="id2"/>
			<label kind="guard" x="127" y="-85">t&gt;=29 &amp;&amp; t&lt;= 47</label>
			<label kind="synchronisation" x="153" y="-68">pipe0_2!</label>
			<label kind="assignment" x="170" y="-51">t=0</label>
			<nail x="179" y="-102"/>
		</transition>
		<transition>
			<source ref="id0"/>
			<target ref="id1"/>
			<label kind="guard" x="-237" y="-85">t&gt;=11 &amp;&amp; t&lt;= 83</label>
			<label kind="synchronisation" x="-212" y="-68">pipe0_1!</label>
			<label kind="assignment" x="-195" y="-51">t=0</label>
			<nail x="-186" y="-102"/>
		</transition>
	</template>
	<template>
		<name>InputBall</name>
		<declaration>clock t;</declaration>
		<location id="id12" x="-170" y="-51">
			<name x="-204" y="-85">StartInput</name>
			<label kind="invariant" x="-187" y="-34">t&lt;=0</label>
		</location>
		<location id="id13" x="-25" y="-51">
			<label kind="invariant" x="-51" y="-34">t&lt;=1000</label>
		</location>
		<location id="id14" x="102" y="-51">
			<label kind="invariant" x="76" y="-34">t&lt;=2000</label>
		</location>
		<location id="id15" x="238" y="-51">
			<label kind="invariant" x="204" y="-34">t&lt;=3000</label>
		</location>
		<location id="id16" x="374" y="-51">
		</location>
		<init ref="id12"/>
		<transition>
			<source ref="id15"/>
			<target ref="id16"/>
			<label kind="guard" x="280" y="-68">t&gt;=3000</label>
			<label kind="synchronisation" x="280" y="-51">ball_in!</label>
		</transition>
		<transition>
			<source ref="id14"/>
			<target ref="id15"/>
			<label kind="guard" x="144" y="-68">t&gt;=2000</label>
			<label kind="synchronisation" x="144" y="-51">ball_in!</label>
		</transition>
		<transition>
			<source ref="id13"/>
			<target ref="id14"/>
			<label kind="guard" x="8" y="-68">t&gt;=1000</label>
			<label kind="synchronisation" x="17" y="-51">ball_in!</label>
		</transition>
		<transition>
			<source ref="id12"/>
			<target ref="id13"/>
			<label kind="guard" x="-127" y="-68">t&gt;=0</label>
			<label kind="synchronisation" x="-127" y="-51">ball_in!</label>
		</transition>
	</template>
	<template>
		<name>Monitor0</name>
		<location id="id17" x="-433" y="-85">
			<label kind="invariant" x="-443" y="-68">gclk&lt;=1080</label>
		</location>
		<location id="id18" x="-323" y="-85">
			<label kind="invariant" x="-333" y="-68">gclk&lt;=2070</label>
		</location>
		<location id="id19" x="-195" y="-85">
			<label kind="invariant" x="-204" y="-68">gclk&lt;=3090</label>
		</location>
		<location id="id20" x="-68" y="-85">
		</location>
		<location id="id21" x="-68" y="-246">
			<name x="-78" y="-280">fail</name>
		</location>
		<location id="id22" x="85" y="-85">
			<name x="75" y="-119">pass</name>
		</location>
		<location id="id23" x="-425" y="221">
		</location>
		<location id="id24" x="-323" y="-365">
		</location>
		<location id="id25" x="-195" y="229">
		</location>
		<init ref="id17"/>
		<transition>
			<source ref="id20"/>
			<target ref="id22"/>
			<label kind="guard" x="-42" y="-102">gclk&gt;=10000</label>
		</transition>
		<transition>
			<source ref="id20"/>
			<target ref="id21"/>
			<label kind="synchronisation" x="-34" y="-161">ball_out4?</label>
			<nail x="8" y="-178"/>
		</transition>
		<transition>
			<source ref="id20"/>
			<target ref="id21"/>
			<label kind="synchronisation" x="-170" y="-204">ball_out1?</label>
			<nail x="-136" y="-178"/>
		</transition>
		<transition>
			<source ref="id20"/>
			<target ref="id21"/>
			<label kind="synchronisation" x="-76" y="-204">ball_out3?</label>
			<nail x="-34" y="-178"/>
		</transition>
		<transition>
			<source ref="id20"/>
			<target ref="id21"/>
			<label kind="synchronisation" x="-119" y="-161">ball_out2?</label>
			<nail x="-93" y="-178"/>
		</transition>
		<transition>
			<source ref="id19"/>
			<target ref="id20"/>
			<label kind="guard" x="-177" y="-119">gclk&gt;=3090</label>
			<label kind="synchronisation" x="-161" y="-85">ball_out1?</label>
		</transition>
		<transition>
			<source ref="id18"/>
			<target ref="id19"/>
			<label kind="guard" x="-305" y="-119">gclk&gt;=2070</label>
			<label kind="synchronisation" x="-297" y="-85">ball_out4?</label>
		</transition>
		<transition>
			<source ref="id17"/>
			<target ref="id18"/>
			<label kind="guard" x="-415" y="-119">gclk&gt;=1080</label>
			<label kind="synchronisation" x="-416" y="-85">ball_out2?</label>
		</transition>
		<transition>
			<source ref="id17"/>
			<target ref="id23"/>
			<label kind="guard" x="-374" y="68">gclk&lt;1080</label>
			<label kind="synchronisation" x="-374" y="85">ball_out4?</label>
			<nail x="-331" y="68"/>
		</transition>
		<transition>
			<source ref="id17"/>
			<target ref="id23"/>
			<label kind="guard" x="-552" y="0">gclk&lt;1080</label>
			<label kind="synchronisation" x="-561" y="17">ball_out1?</label>
			<nail x="-561" y="59"/>
		</transition>
		<transition>
			<source ref="id17"/>
			<target ref="id23"/>
			<label kind="guard" x="-510" y="76">gclk&lt;1080</label>
			<label kind="synchronisation" x="-501" y="93">ball_out3?</label>
			<nail x="-484" y="59"/>
		</transition>
		<transition>
			<source ref="id17"/>
			<target ref="id23"/>
			<label kind="guard" x="-450" y="0">gclk&lt;1080</label>
			<label kind="synchronisation" x="-442" y="17">ball_out2?</label>
			<nail x="-399" y="68"/>
		</transition>
		<transition>
			<source ref="id18"/>
			<target ref="id24"/>
			<label kind="guard" x="-272" y="-280">gclk&lt;2070</label>
			<label kind="synchronisation" x="-272" y="-297">ball_out4?</label>
			<nail x="-212" y="-238"/>
		</transition>
		<transition>
			<source ref="id18"/>
			<target ref="id24"/>
			<label kind="guard" x="-442" y="-195">gclk&lt;2070</label>
			<label kind="synchronisation" x="-442" y="-212">ball_out1?</label>
			<nail x="-433" y="-238"/>
		</transition>
		<transition>
			<source ref="id18"/>
			<target ref="id24"/>
			<label kind="guard" x="-340" y="-204">gclk&lt;2070</label>
			<label kind="synchronisation" x="-331" y="-221">ball_out3?</label>
			<nail x="-289" y="-246"/>
		</transition>
		<transition>
			<source ref="id18"/>
			<target ref="id24"/>
			<label kind="guard" x="-399" y="-280">gclk&lt;2070</label>
			<label kind="synchronisation" x="-382" y="-297">ball_out2?</label>
			<nail x="-357" y="-246"/>
		</transition>
		<transition>
			<source ref="id19"/>
			<target ref="id25"/>
			<label kind="guard" x="-136" y="76">gclk&lt;3090</label>
			<label kind="synchronisation" x="-144" y="93">ball_out4?</label>
			<nail x="-93" y="68"/>
		</transition>
		<transition>
			<source ref="id19"/>
			<target ref="id25"/>
			<label kind="guard" x="-289" y="8">gclk&lt;3090</label>
			<label kind="synchronisation" x="-289" y="25">ball_out1?</label>
			<nail x="-272" y="76"/>
		</transition>
		<transition>
			<source ref="id19"/>
			<target ref="id25"/>
			<label kind="guard" x="-187" y="8">gclk&lt;3090</label>
			<label kind="synchronisation" x="-195" y="25">ball_out3?</label>
			<nail x="-153" y="68"/>
		</transition>
		<transition>
			<source ref="id19"/>
			<target ref="id25"/>
			<label kind="guard" x="-246" y="85">gclk&lt;3090</label>
			<label kind="synchronisation" x="-238" y="102">ball_out2?</label>
			<nail x="-221" y="68"/>
		</transition>
	</template>
	<template>
		<name>BadMonitor</name>
		<location id="id26" x="-433" y="-85">
			<label kind="invariant" x="-443" y="-68">gclk&lt;=1080</label>
		</location>
		<location id="id27" x="-323" y="-85">
			<label kind="invariant" x="-333" y="-68">gclk&lt;=2070</label>
		</location>
		<location id="id28" x="-195" y="-85">
			<label kind="invariant" x="-204" y="-68">gclk&lt;=3090</label>
		</location>
		<location id="id29" x="-68" y="-85">
		</location>
		<location id="id30" x="85" y="-85">
			<name x="75" y="-119">pass</name>
		</location>
		<init ref="id26"/>
		<transition>
			<source ref="id29"/>
			<target ref="id30"/>
			<label kind="guard" x="-42" y="-102">gclk&gt;=10000</label>
		</transition>
		<transition>
			<source ref="id28"/>
			<target ref="id29"/>
			<label kind="guard" x="-177" y="-119">gclk&gt;=3090</label>
			<label kind="synchronisation" x="-161" y="-85">ball_out1?</label>
		</transition>
		<transition>
			<source ref="id27"/>
			<target ref="id28"/>
			<label kind="guard" x="-305" y="-119">gclk&gt;=2070</label>
			<label kind="synchronisation" x="-297" y="-85">ball_out4?</label>
		</transition>
		<transition>
			<source ref="id26"/>
			<target ref="id27"/>
			<label kind="guard" x="-415" y="-119">gclk&gt;=1080</label>
			<label kind="synchronisation" x="-416" y="-85">ball_out2?</label>
		</transition>
	</template>
	<system>// List one or more processes to be composed into a system.
system Pipes, InputBall, Monitor0;
//system Pipes, InputBall2;</system>
	<queries>
		<query>
			<formula>E&lt;&gt; Monitor0.pass</formula>
			<comment></comment>
		</query>
		<query>
			<formula>A[] not deadlock</formula>
			<comment></comment>
		</query>
	</queries>
</nta>
